<application>
  <component name="FeatureSuggesterSettings">
    <option name="workingDays">
      <list>
        <option value="1668533437122" />
        <option value="1668651551780" />
        <option value="1668821676492" />
        <option value="1668936378473" />
        <option value="1668994858978" />
        <option value="1669088098586" />
        <option value="1669536152641" />
        <option value="1669599178826" />
        <option value="1669655545281" />
        <option value="1669775284762" />
        <option value="1669863040098" />
        <option value="1669960982316" />
        <option value="1670079272916" />
        <option value="1670158383668" />
        <option value="1670212338329" />
        <option value="1670293729723" />
        <option value="1670380922059" />
        <option value="1670466023232" />
        <option value="1670771830245" />
        <option value="1670779374156" />
        <option value="1670867378380" />
        <option value="1670986919544" />
        <option value="1671068445513" />
        <option value="1671182414723" />
        <option value="1671246106479" />
        <option value="1671417331162" />
        <option value="1671586778484" />
        <option value="1671759448620" />
        <option value="1672107375362" />
        <option value="1672650505067" />
      </list>
    </option>
  </component>
</application>